Daily commit on Wed Feb  5 13:57:14 UTC 2025
Daily commit on Wed Feb  5 14:24:26 UTC 2025
Daily commit on Wed Feb  5 18:43:45 UTC 2025
Daily commit on Thu Feb  6 02:52:43 UTC 2025
Daily commit on Fri Feb  7 02:54:51 UTC 2025
Daily commit on Sat Feb  8 02:39:01 UTC 2025
Daily commit on Sun Feb  9 02:55:32 UTC 2025
Daily commit on Mon Feb 10 02:55:12 UTC 2025
Daily commit on Tue Feb 11 02:54:12 UTC 2025
Daily commit on Wed Feb 12 02:52:47 UTC 2025
Daily commit on Thu Feb 13 02:53:44 UTC 2025
Daily commit on Fri Feb 14 02:53:17 UTC 2025
Daily commit on Sat Feb 15 02:51:32 UTC 2025
Daily commit on Sun Feb 16 02:59:14 UTC 2025
Daily commit on Mon Feb 17 02:58:25 UTC 2025
Daily commit on Tue Feb 18 02:52:26 UTC 2025
Daily commit on Wed Feb 19 02:54:47 UTC 2025
Daily commit on Thu Feb 20 02:55:02 UTC 2025
Daily commit on Fri Feb 21 02:55:54 UTC 2025
Daily commit on Sat Feb 22 02:50:40 UTC 2025
Daily commit on Sun Feb 23 02:59:52 UTC 2025
Daily commit on Mon Feb 24 01:57:12 UTC 2025
Daily commit on Tue Feb 25 01:56:17 UTC 2025
Daily commit on Wed Feb 26 01:55:55 UTC 2025
Daily commit on Thu Feb 27 01:56:27 UTC 2025
Daily commit on Fri Feb 28 01:56:26 UTC 2025
Daily commit on Sat Mar  1 02:02:39 UTC 2025
Daily commit on Sun Mar  2 02:01:42 UTC 2025
Daily commit on Mon Mar  3 01:59:26 UTC 2025
Daily commit on Tue Mar  4 01:58:13 UTC 2025
Daily commit on Wed Mar  5 01:58:11 UTC 2025
Daily commit on Thu Mar  6 01:58:25 UTC 2025
Daily commit on Fri Mar  7 01:58:53 UTC 2025
Daily commit on Sat Mar  8 01:34:44 UTC 2025
Daily commit on Sun Mar  9 01:41:28 UTC 2025
Daily commit on Mon Mar 10 01:40:43 UTC 2025
Daily commit on Tue Mar 11 01:59:16 UTC 2025
Daily commit on Wed Mar 12 01:57:57 UTC 2025
Daily commit on Thu Mar 13 01:59:41 UTC 2025
Daily commit on Fri Mar 14 01:58:10 UTC 2025
Daily commit on Sat Mar 15 01:56:43 UTC 2025
Daily commit on Sun Mar 16 02:05:36 UTC 2025
Daily commit on Mon Mar 17 02:02:23 UTC 2025
Daily commit on Tue Mar 18 02:00:21 UTC 2025
Daily commit on Wed Mar 19 02:00:17 UTC 2025
Daily commit on Thu Mar 20 01:59:27 UTC 2025
Daily commit on Fri Mar 21 02:01:11 UTC 2025
Daily commit on Sat Mar 22 01:57:57 UTC 2025
Daily commit on Sun Mar 23 02:08:53 UTC 2025
Daily commit on Mon Mar 24 02:04:14 UTC 2025
Daily commit on Tue Mar 25 02:01:50 UTC 2025
Daily commit on Wed Mar 26 02:01:27 UTC 2025
Daily commit on Thu Mar 27 02:01:10 UTC 2025
Daily commit on Fri Mar 28 02:01:15 UTC 2025
Daily commit on Sat Mar 29 01:59:59 UTC 2025
Daily commit on Sun Mar 30 02:14:14 UTC 2025
Daily commit on Mon Mar 31 02:12:27 UTC 2025
Daily commit on Tue Apr  1 02:19:34 UTC 2025
Daily commit on Wed Apr  2 02:03:26 UTC 2025
Daily commit on Thu Apr  3 02:02:03 UTC 2025
Daily commit on Fri Apr  4 02:01:53 UTC 2025
Daily commit on Sat Apr  5 02:00:01 UTC 2025
Daily commit on Sun Apr  6 02:12:43 UTC 2025
Daily commit on Mon Apr  7 02:05:25 UTC 2025
Daily commit on Tue Apr  8 02:03:01 UTC 2025
Daily commit on Wed Apr  9 02:02:51 UTC 2025
Daily commit on Thu Apr 10 02:03:01 UTC 2025
Daily commit on Fri Apr 11 02:03:33 UTC 2025
Daily commit on Sat Apr 12 02:00:30 UTC 2025
Daily commit on Sun Apr 13 03:29:28 UTC 2025
Daily commit on Mon Apr 14 02:12:37 UTC 2025
Daily commit on Tue Apr 15 02:06:48 UTC 2025
Daily commit on Wed Apr 16 02:05:51 UTC 2025
Daily commit on Thu Apr 17 02:04:25 UTC 2025
Daily commit on Fri Apr 18 02:01:37 UTC 2025
Daily commit on Sat Apr 19 01:59:21 UTC 2025
Daily commit on Sun Apr 20 02:16:10 UTC 2025
Daily commit on Mon Apr 21 02:15:14 UTC 2025
Daily commit on Tue Apr 22 02:05:08 UTC 2025
Daily commit on Wed Apr 23 02:05:46 UTC 2025
Daily commit on Thu Apr 24 02:06:22 UTC 2025
Daily commit on Fri Apr 25 02:08:28 UTC 2025
Daily commit on Sat Apr 26 02:01:54 UTC 2025
Daily commit on Sun Apr 27 02:16:55 UTC 2025
Daily commit on Mon Apr 28 02:15:12 UTC 2025
Daily commit on Tue Apr 29 02:11:20 UTC 2025
Daily commit on Wed Apr 30 02:09:13 UTC 2025
Daily commit on Thu May  1 02:21:36 UTC 2025
Daily commit on Fri May  2 02:12:47 UTC 2025
Daily commit on Sat May  3 02:04:45 UTC 2025
Daily commit on Sun May  4 02:22:33 UTC 2025
Daily commit on Mon May  5 02:17:12 UTC 2025
Daily commit on Tue May  6 02:13:40 UTC 2025
Daily commit on Wed May  7 02:14:15 UTC 2025
Daily commit on Thu May  8 02:15:30 UTC 2025
Daily commit on Fri May  9 02:14:14 UTC 2025
Daily commit on Sat May 10 02:04:01 UTC 2025
Daily commit on Sun May 11 02:20:23 UTC 2025
Daily commit on Mon May 12 02:18:16 UTC 2025
Daily commit on Tue May 13 02:16:23 UTC 2025
Daily commit on Wed May 14 02:14:27 UTC 2025
Daily commit on Thu May 15 02:13:33 UTC 2025
Daily commit on Fri May 16 02:16:08 UTC 2025
Daily commit on Sat May 17 02:12:16 UTC 2025
Daily commit on Sun May 18 02:22:10 UTC 2025
Daily commit on Mon May 19 02:20:49 UTC 2025
Daily commit on Tue May 20 02:16:45 UTC 2025
Daily commit on Wed May 21 02:16:08 UTC 2025
Daily commit on Thu May 22 02:15:41 UTC 2025
Daily commit on Fri May 23 02:15:32 UTC 2025
Daily commit on Sat May 24 02:05:45 UTC 2025
Daily commit on Sun May 25 02:24:58 UTC 2025
Daily commit on Mon May 26 02:19:31 UTC 2025
Daily commit on Tue May 27 02:15:25 UTC 2025
Daily commit on Wed May 28 02:17:09 UTC 2025
Daily commit on Thu May 29 02:16:48 UTC 2025
Daily commit on Fri May 30 02:15:00 UTC 2025
Daily commit on Sat May 31 02:13:55 UTC 2025
Daily commit on Sun Jun  1 02:36:59 UTC 2025
Daily commit on Mon Jun  2 02:22:45 UTC 2025
Daily commit on Tue Jun  3 02:18:57 UTC 2025
Daily commit on Wed Jun  4 02:18:54 UTC 2025
Daily commit on Thu Jun  5 02:17:37 UTC 2025
Daily commit on Fri Jun  6 02:17:12 UTC 2025
Daily commit on Sat Jun  7 02:16:12 UTC 2025
Daily commit on Sun Jun  8 02:27:56 UTC 2025
Daily commit on Mon Jun  9 02:24:57 UTC 2025
Daily commit on Tue Jun 10 02:20:33 UTC 2025
Daily commit on Wed Jun 11 02:19:38 UTC 2025
Daily commit on Thu Jun 12 02:18:30 UTC 2025
Daily commit on Fri Jun 13 02:19:41 UTC 2025
Daily commit on Sat Jun 14 02:15:04 UTC 2025
Daily commit on Sun Jun 15 02:29:31 UTC 2025
Daily commit on Mon Jun 16 02:23:32 UTC 2025
Daily commit on Tue Jun 17 02:20:22 UTC 2025
Daily commit on Wed Jun 18 02:19:10 UTC 2025
Daily commit on Thu Jun 19 02:20:08 UTC 2025
Daily commit on Fri Jun 20 02:19:17 UTC 2025
Daily commit on Sat Jun 21 02:16:41 UTC 2025
Daily commit on Sun Jun 22 02:29:23 UTC 2025
Daily commit on Mon Jun 23 02:28:08 UTC 2025
Daily commit on Tue Jun 24 02:21:16 UTC 2025
Daily commit on Wed Jun 25 02:21:31 UTC 2025
Daily commit on Thu Jun 26 02:20:43 UTC 2025
Daily commit on Fri Jun 27 02:21:20 UTC 2025
Daily commit on Sat Jun 28 02:17:08 UTC 2025
Daily commit on Sun Jun 29 02:32:29 UTC 2025
Daily commit on Mon Jun 30 02:26:42 UTC 2025
Daily commit on Tue Jul  1 02:33:28 UTC 2025
Daily commit on Wed Jul  2 02:20:47 UTC 2025
Daily commit on Thu Jul  3 02:21:30 UTC 2025
Daily commit on Fri Jul  4 02:20:29 UTC 2025
Daily commit on Sat Jul  5 02:16:31 UTC 2025
Daily commit on Sun Jul  6 02:30:26 UTC 2025
Daily commit on Mon Jul  7 02:27:15 UTC 2025
Daily commit on Tue Jul  8 02:22:00 UTC 2025
Daily commit on Wed Jul  9 02:23:33 UTC 2025
Daily commit on Thu Jul 10 02:23:38 UTC 2025
Daily commit on Fri Jul 11 02:26:38 UTC 2025
Daily commit on Sat Jul 12 02:26:41 UTC 2025
Daily commit on Sun Jul 13 02:35:46 UTC 2025
Daily commit on Mon Jul 14 02:31:26 UTC 2025
Daily commit on Tue Jul 15 02:30:25 UTC 2025
Daily commit on Wed Jul 16 02:27:09 UTC 2025
Daily commit on Thu Jul 17 02:27:59 UTC 2025
Daily commit on Fri Jul 18 02:29:21 UTC 2025
Daily commit on Sat Jul 19 02:23:01 UTC 2025
Daily commit on Sun Jul 20 02:38:31 UTC 2025
Daily commit on Mon Jul 21 02:35:27 UTC 2025
Daily commit on Tue Jul 22 02:28:50 UTC 2025
Daily commit on Wed Jul 23 02:30:13 UTC 2025
Daily commit on Thu Jul 24 02:29:22 UTC 2025
Daily commit on Fri Jul 25 02:28:57 UTC 2025
Daily commit on Sat Jul 26 02:24:44 UTC 2025
Daily commit on Sun Jul 27 02:40:01 UTC 2025
Daily commit on Mon Jul 28 02:36:10 UTC 2025
Daily commit on Tue Jul 29 02:41:18 UTC 2025
Daily commit on Wed Jul 30 02:32:34 UTC 2025
Daily commit on Thu Jul 31 02:31:43 UTC 2025
Daily commit on Fri Aug  1 02:43:54 UTC 2025
Daily commit on Sat Aug  2 02:25:38 UTC 2025
Daily commit on Sun Aug  3 02:42:19 UTC 2025
Daily commit on Mon Aug  4 02:42:06 UTC 2025
Daily commit on Tue Aug  5 02:35:15 UTC 2025
Daily commit on Wed Aug  6 02:33:31 UTC 2025
Daily commit on Thu Aug  7 02:33:33 UTC 2025
Daily commit on Fri Aug  8 02:33:24 UTC 2025
Daily commit on Sat Aug  9 02:20:43 UTC 2025
Daily commit on Sun Aug 10 02:37:14 UTC 2025
Daily commit on Mon Aug 11 02:33:16 UTC 2025
Daily commit on Tue Aug 12 02:19:36 UTC 2025
Daily commit on Wed Aug 13 02:21:38 UTC 2025
Daily commit on Thu Aug 14 02:22:21 UTC 2025
Daily commit on Fri Aug 15 02:23:19 UTC 2025
Daily commit on Sat Aug 16 02:17:11 UTC 2025
Daily commit on Sun Aug 17 02:28:33 UTC 2025
Daily commit on Mon Aug 18 02:29:36 UTC 2025
Daily commit on Tue Aug 19 02:14:44 UTC 2025
Daily commit on Wed Aug 20 02:12:33 UTC 2025
Daily commit on Thu Aug 21 02:06:24 UTC 2025
Daily commit on Fri Aug 22 02:12:50 UTC 2025
Daily commit on Sat Aug 23 02:02:25 UTC 2025
Daily commit on Sun Aug 24 02:23:26 UTC 2025
Daily commit on Mon Aug 25 02:17:24 UTC 2025
Daily commit on Tue Aug 26 02:13:38 UTC 2025
Daily commit on Wed Aug 27 02:03:38 UTC 2025
Daily commit on Thu Aug 28 02:03:01 UTC 2025
Daily commit on Fri Aug 29 02:03:00 UTC 2025
Daily commit on Sat Aug 30 01:57:33 UTC 2025
Daily commit on Sun Aug 31 02:14:13 UTC 2025
Daily commit on Mon Sep  1 02:25:41 UTC 2025
Daily commit on Tue Sep  2 02:05:14 UTC 2025
Daily commit on Wed Sep  3 01:56:55 UTC 2025
Daily commit on Thu Sep  4 01:57:23 UTC 2025
Daily commit on Fri Sep  5 02:00:07 UTC 2025
Daily commit on Sat Sep  6 01:57:00 UTC 2025
Daily commit on Sun Sep  7 02:06:11 UTC 2025
Daily commit on Mon Sep  8 02:06:07 UTC 2025
Daily commit on Tue Sep  9 02:01:49 UTC 2025
Daily commit on Wed Sep 10 01:57:50 UTC 2025
Daily commit on Thu Sep 11 02:01:01 UTC 2025
Daily commit on Fri Sep 12 01:56:25 UTC 2025
Daily commit on Sat Sep 13 01:52:14 UTC 2025
Daily commit on Sun Sep 14 02:05:36 UTC 2025
Daily commit on Mon Sep 15 02:11:03 UTC 2025
Daily commit on Tue Sep 16 01:58:21 UTC 2025
Daily commit on Wed Sep 17 01:57:48 UTC 2025
Daily commit on Thu Sep 18 01:57:57 UTC 2025
Daily commit on Fri Sep 19 02:01:30 UTC 2025
Daily commit on Sat Sep 20 01:55:53 UTC 2025
Daily commit on Sun Sep 21 02:14:28 UTC 2025
Daily commit on Mon Sep 22 02:14:07 UTC 2025
Daily commit on Tue Sep 23 01:58:29 UTC 2025
Daily commit on Wed Sep 24 01:59:52 UTC 2025
Daily commit on Thu Sep 25 02:01:03 UTC 2025
Daily commit on Fri Sep 26 02:00:18 UTC 2025
Daily commit on Sat Sep 27 01:55:20 UTC 2025
Daily commit on Sun Sep 28 02:15:14 UTC 2025
Daily commit on Mon Sep 29 02:03:42 UTC 2025
Daily commit on Tue Sep 30 01:58:19 UTC 2025
Daily commit on Wed Oct  1 02:16:23 UTC 2025
Daily commit on Thu Oct  2 01:58:27 UTC 2025
Daily commit on Fri Oct  3 01:57:59 UTC 2025
Daily commit on Sat Oct  4 01:53:39 UTC 2025
Daily commit on Sun Oct  5 02:14:42 UTC 2025
Daily commit on Mon Oct  6 02:01:46 UTC 2025
Daily commit on Tue Oct  7 01:59:13 UTC 2025
Daily commit on Wed Oct  8 01:58:47 UTC 2025
Daily commit on Thu Oct  9 02:00:14 UTC 2025
Daily commit on Fri Oct 10 02:00:16 UTC 2025
Daily commit on Sat Oct 11 01:55:31 UTC 2025
Daily commit on Sun Oct 12 02:04:28 UTC 2025
Daily commit on Mon Oct 13 02:13:31 UTC 2025
Daily commit on Tue Oct 14 02:00:50 UTC 2025
Daily commit on Wed Oct 15 02:03:48 UTC 2025
Daily commit on Thu Oct 16 02:02:31 UTC 2025
Daily commit on Fri Oct 17 02:01:43 UTC 2025
Daily commit on Sat Oct 18 01:56:04 UTC 2025
Daily commit on Sun Oct 19 02:20:15 UTC 2025
Daily commit on Mon Oct 20 02:17:16 UTC 2025
Daily commit on Tue Oct 21 02:04:48 UTC 2025
Daily commit on Wed Oct 22 02:13:53 UTC 2025
Daily commit on Thu Oct 23 02:03:39 UTC 2025
Daily commit on Fri Oct 24 01:59:28 UTC 2025
Daily commit on Sat Oct 25 02:01:19 UTC 2025
Daily commit on Sun Oct 26 02:16:05 UTC 2025
Daily commit on Mon Oct 27 02:20:36 UTC 2025
Daily commit on Tue Oct 28 02:04:19 UTC 2025
Daily commit on Wed Oct 29 02:17:19 UTC 2025
Daily commit on Thu Oct 30 02:15:38 UTC 2025
Daily commit on Fri Oct 31 02:13:00 UTC 2025
Daily commit on Sat Nov  1 02:16:12 UTC 2025
Daily commit on Sun Nov  2 02:19:05 UTC 2025
Daily commit on Mon Nov  3 02:18:27 UTC 2025
Daily commit on Tue Nov  4 02:13:19 UTC 2025
Daily commit on Wed Nov  5 02:15:16 UTC 2025
Daily commit on Thu Nov  6 02:15:29 UTC 2025
Daily commit on Fri Nov  7 02:13:26 UTC 2025
Daily commit on Sat Nov  8 02:01:27 UTC 2025
Daily commit on Sun Nov  9 02:17:52 UTC 2025
Daily commit on Mon Nov 10 02:19:32 UTC 2025
Daily commit on Tue Nov 11 02:15:36 UTC 2025
Daily commit on Wed Nov 12 02:14:29 UTC 2025
Daily commit on Thu Nov 13 02:16:41 UTC 2025
Daily commit on Fri Nov 14 02:15:12 UTC 2025
Daily commit on Sat Nov 15 02:05:45 UTC 2025
Daily commit on Sun Nov 16 02:21:03 UTC 2025
Daily commit on Mon Nov 17 02:16:27 UTC 2025
Daily commit on Tue Nov 18 02:14:31 UTC 2025
Daily commit on Wed Nov 19 02:14:13 UTC 2025
Daily commit on Thu Nov 20 02:10:02 UTC 2025
Daily commit on Fri Nov 21 02:13:15 UTC 2025
Daily commit on Sat Nov 22 02:03:40 UTC 2025
Daily commit on Sun Nov 23 02:29:24 UTC 2025
Daily commit on Mon Nov 24 02:22:58 UTC 2025
Daily commit on Tue Nov 25 02:15:46 UTC 2025
Daily commit on Wed Nov 26 02:16:22 UTC 2025
Daily commit on Thu Nov 27 02:13:30 UTC 2025
Daily commit on Fri Nov 28 02:12:56 UTC 2025
Daily commit on Sat Nov 29 02:13:02 UTC 2025
Daily commit on Sun Nov 30 02:28:04 UTC 2025
Daily commit on Mon Dec  1 02:37:40 UTC 2025
Daily commit on Tue Dec  2 02:18:22 UTC 2025
Daily commit on Wed Dec  3 02:18:18 UTC 2025
